Timestamp,RUB=X
03/05/2012,29.3302001953125
03/06/2012,29.338199615478516
03/07/2012,29.632200241088867
03/08/2012,29.60919952392578
03/09/2012,29.34119987487793
03/12/2012,29.451200485229492
03/13/2012,29.60219955444336
03/14/2012,29.422199249267578
03/15/2012,29.565200805664062
03/16/2012,29.41819953918457
03/19/2012,29.211200714111328
03/20/2012,29.099199295043945
03/21/2012,29.235200881958008
03/22/2012,29.253999710083008
03/23/2012,29.43320083618164
03/25/2012,29.27120018005371
03/26/2012,28.949199676513672
03/27/2012,29.031200408935547
03/28/2012,29.358200073242188
03/29/2012,29.406200408935547
04/01/2012,29.336200714111328
04/02/2012,29.28219985961914
04/03/2012,29.2731990814209
04/04/2012,29.427200317382812
04/05/2012,29.379199981689453
04/08/2012,29.541200637817383
04/09/2012,29.595199584960938
04/10/2012,29.82819938659668
04/11/2012,29.610200881958008
04/12/2012,29.3981990814209
04/15/2012,29.629199981689453
04/16/2012,29.586200714111328
04/17/2012,29.4862003326416
04/18/2012,29.489200592041016
04/19/2012,29.47719955444336
04/22/2012,29.43549919128418
04/23/2012,29.470199584960938
04/24/2012,29.344200134277344
04/25/2012,29.338199615478516
04/26/2012,29.309200286865234
04/29/2012,29.270200729370117
04/30/2012,29.322999954223633
05/01/2012,29.322999954223633
05/02/2012,29.416200637817383
05/03/2012,29.51919937133789
05/06/2012,29.748699188232422
05/07/2012,29.965200424194336
05/08/2012,30.118799209594727
05/09/2012,30.344499588012695
05/10/2012,30.137399673461914
05/13/2012,30.134700775146484
05/14/2012,30.37420082092285
05/15/2012,30.66790008544922
05/16/2012,30.98900032043457
05/17/2012,31.054399490356445
05/20/2012,31.23419952392578
05/21/2012,31.076200485229492
05/22/2012,31.318199157714844
05/23/2012,31.712200164794922
05/24/2012,31.75320053100586
05/27/2012,32.049198150634766
05/28/2012,32.07320022583008
05/29/2012,31.9950008392334
05/30/2012,32.79970169067383
05/31/2012,33.38529968261719
06/03/2012,33.64619827270508
06/04/2012,33.44820022583008
06/05/2012,33.05860137939453
06/06/2012,32.25419998168945
06/07/2012,32.41419982910156
06/10/2012,32.04119873046875
06/11/2012,32.573699951171875
06/12/2012,32.87120056152344
06/13/2012,32.45650100708008
06/14/2012,32.37820053100586
06/17/2012,32.327999114990234
06/18/2012,32.38990020751953
06/19/2012,32.34260177612305
06/20/2012,32.558101654052734
06/21/2012,33.277198791503906
06/24/2012,33.09320068359375
06/25/2012,33.15420150756836
06/26/2012,32.81669998168945
06/27/2012,32.91419982910156
06/28/2012,33.079200744628906
07/01/2012,32.27920150756836
07/02/2012,32.55730056762695
07/03/2012,32.04819869995117
07/04/2012,32.3380012512207
07/05/2012,32.513999938964844
07/08/2012,32.86389923095703
07/09/2012,32.786800384521484
07/10/2012,32.93220138549805
07/11/2012,32.684600830078125
07/12/2012,32.7400016784668
07/15/2012,32.52320098876953
07/16/2012,32.51190185546875
07/17/2012,32.33209991455078
07/18/2012,32.23400115966797
07/19/2012,31.81920051574707
07/22/2012,32.01539993286133
07/23/2012,32.633399963378906
07/24/2012,32.941200256347656
07/25/2012,32.6870002746582
07/26/2012,32.33679962158203
07/29/2012,32.02690124511719
07/30/2012,32.158199310302734
07/31/2012,32.200199127197266
08/01/2012,32.40019989013672
08/02/2012,32.62810134887695
08/05/2012,31.954999923706055
08/06/2012,31.574199676513672
08/07/2012,31.531700134277344
08/08/2012,31.48870086669922
08/09/2012,31.66819953918457
08/12/2012,31.801000595092773
08/13/2012,31.832199096679688
08/14/2012,31.815099716186523
08/15/2012,31.80940055847168
08/16/2012,31.78019905090332
08/19/2012,31.987199783325195
08/20/2012,31.982200622558594
08/21/2012,31.746999740600586
08/22/2012,31.700199127197266
08/23/2012,31.696800231933594
08/26/2012,31.792999267578125
08/27/2012,31.858200073242188
08/28/2012,31.974000930786133
08/29/2012,32.170101165771484
08/30/2012,32.5359992980957
09/02/2012,32.237998962402344
09/03/2012,32.265201568603516
09/04/2012,32.334999084472656
09/05/2012,32.23820114135742
09/06/2012,31.93720054626465
09/09/2012,31.69700050354004
09/10/2012,31.68239974975586
09/11/2012,31.491199493408203
09/12/2012,31.42919921875
09/13/2012,31.059999465942383
09/16/2012,30.4960994720459
09/17/2012,30.640199661254883
09/18/2012,30.96619987487793
09/19/2012,31.146799087524414
09/20/2012,31.10420036315918
09/23/2012,31.00469970703125
09/24/2012,31.117000579833984
09/25/2012,31.172700881958008
09/26/2012,31.297199249267578
09/27/2012,30.95319938659668
09/30/2012,31.222200393676758
10/01/2012,31.166200637817383
10/02/2012,31.149999618530273
10/03/2012,31.16819953918457
10/04/2012,30.95400047302246
10/07/2012,31.006200790405273
10/08/2012,31.094200134277344
10/09/2012,31.141199111938477
10/10/2012,31.115100860595703
10/11/2012,31.034000396728516
10/14/2012,31.060300827026367
10/15/2012,30.963199615478516
10/16/2012,30.771799087524414
10/17/2012,30.733200073242188
10/18/2012,30.76020050048828
10/21/2012,30.896099090576172
10/22/2012,31.0802001953125
10/23/2012,31.355600357055664
10/24/2012,31.40999984741211
10/25/2012,31.32819938659668
10/29/2012,31.349199295043945
10/30/2012,31.439800262451172
10/31/2012,31.37420082092285
11/01/2012,31.280000686645508
11/02/2012,31.23419952392578
11/05/2012,31.4552001953125
11/06/2012,31.567899703979492
11/07/2012,31.34119987487793
11/08/2012,31.52790069580078
11/09/2012,31.482200622558594
11/12/2012,31.53820037841797
11/13/2012,31.660999298095703
11/14/2012,31.692699432373047
11/15/2012,31.650400161743164
11/16/2012,31.630199432373047
11/19/2012,31.615800857543945
11/20/2012,31.40999984741211
11/21/2012,31.292999267578125
11/22/2012,31.10740089416504
11/23/2012,31.151199340820312
11/26/2012,31.068199157714844
11/27/2012,30.989200592041016
11/28/2012,31.06220054626465
11/29/2012,31.048200607299805
11/30/2012,30.73430061340332
12/03/2012,30.844999313354492
12/04/2012,30.810800552368164
12/05/2012,30.81999969482422
12/06/2012,30.745500564575195
12/07/2012,30.899999618530273
12/10/2012,30.834999084472656
12/11/2012,30.747600555419922
12/12/2012,30.677000045776367
12/13/2012,30.507999420166016
12/14/2012,30.733999252319336
12/17/2012,30.67620086669922
12/18/2012,30.961999893188477
12/19/2012,30.725000381469727
12/20/2012,30.7549991607666
12/21/2012,30.633899688720703
12/24/2012,30.814199447631836
12/25/2012,30.59119987487793
12/26/2012,30.630199432373047
12/27/2012,30.46619987487793
12/28/2012,30.23419952392578
12/31/2012,30.331100463867188
01/01/2013,30.50200080871582
01/02/2013,30.356199264526367
01/03/2013,30.1564998626709
01/04/2013,30.279800415039062
01/07/2013,30.285499572753906
01/08/2013,30.279600143432617
01/09/2013,30.302200317382812
01/10/2013,30.378000259399414
01/11/2013,30.129199981689453
01/14/2013,30.26460075378418
01/15/2013,30.23200035095215
01/16/2013,30.32699966430664
01/17/2013,30.317899703979492
01/18/2013,30.16200065612793
01/21/2013,30.239500045776367
01/22/2013,30.1875
01/23/2013,30.221200942993164
01/24/2013,30.146299362182617
01/25/2013,30.052000045776367
01/28/2013,29.986499786376953
01/29/2013,30.11549949645996
01/30/2013,30.041000366210938
01/31/2013,30.018400192260742
02/01/2013,29.981599807739258
02/04/2013,29.85449981689453
02/05/2013,29.952299118041992
02/06/2013,29.902799606323242
02/07/2013,30.05150032043457
02/08/2013,30.15730094909668
02/11/2013,30.1737003326416
02/12/2013,30.114900588989258
02/13/2013,29.994400024414062
02/14/2013,30.03660011291504
02/15/2013,30.045900344848633
02/18/2013,30.10219955444336
02/19/2013,30.107200622558594
02/20/2013,30.041200637817383
02/21/2013,30.23819923400879
02/22/2013,30.45400047302246
02/25/2013,30.321199417114258
02/26/2013,30.548200607299805
02/27/2013,30.583200454711914
02/28/2013,30.441999435424805
03/01/2013,30.606599807739258
03/04/2013,30.63170051574707
03/05/2013,30.731199264526367
03/06/2013,30.59119987487793
03/07/2013,30.746200561523438
03/08/2013,30.681400299072266
03/11/2013,30.74410057067871
03/12/2013,30.68280029296875
03/13/2013,30.693199157714844
03/14/2013,30.784000396728516
03/15/2013,30.68790054321289
03/18/2013,30.868200302124023
03/19/2013,30.75320053100586
03/20/2013,30.953899383544922
03/21/2013,30.863000869750977
03/22/2013,30.932600021362305
03/25/2013,30.515199661254883
03/26/2013,30.917200088500977
03/27/2013,30.855199813842773
03/28/2013,31.030799865722656
03/29/2013,31.052799224853516
03/31/2013,31.009300231933594
04/01/2013,31.05970001220703
04/02/2013,31.322999954223633
04/03/2013,31.59910011291504
04/04/2013,31.590299606323242
04/07/2013,31.596099853515625
04/08/2013,31.127899169921875
04/09/2013,31.001800537109375
04/10/2013,30.891300201416016
04/11/2013,30.800100326538086
04/14/2013,31.042299270629883
04/15/2013,31.444299697875977
04/16/2013,31.231199264526367
04/17/2013,31.831199645996094
04/18/2013,31.492799758911133
04/21/2013,31.6112003326416
04/22/2013,31.500099182128906
04/23/2013,31.616199493408203
04/24/2013,31.40719985961914
04/25/2013,31.123199462890625
04/28/2013,31.188600540161133
04/29/2013,30.932199478149414
04/30/2013,31.000900268554688
05/01/2013,31.287200927734375
05/02/2013,31.121700286865234
05/05/2013,31.056400299072266
05/06/2013,30.972900390625
05/07/2013,31.059499740600586
05/08/2013,31.092199325561523
05/09/2013,31.139699935913086
05/12/2013,31.37820053100586
05/13/2013,31.30820083618164
05/14/2013,31.362499237060547
05/15/2013,31.433500289916992
05/16/2013,31.33930015563965
05/19/2013,31.406600952148438
05/20/2013,31.231199264526367
05/21/2013,31.210899353027344
05/22/2013,31.34709930419922
05/23/2013,31.35919952392578
05/26/2013,31.255199432373047
05/27/2013,31.32430076599121
05/28/2013,31.482999801635742
05/29/2013,31.594200134277344
05/30/2013,31.656400680541992
06/02/2013,31.901199340820312
06/03/2013,31.78820037841797
06/04/2013,31.914199829101562
06/05/2013,32.10919952392578
06/06/2013,32.11320114135742
06/09/2013,32.11320114135742
06/10/2013,32.24660110473633
06/11/2013,32.372501373291016
06/12/2013,32.14350128173828
06/13/2013,31.896499633789062
06/16/2013,31.702199935913086
06/17/2013,31.724700927734375
06/18/2013,31.96299934387207
06/19/2013,32.43519973754883
06/20/2013,32.86949920654297
06/23/2013,32.75
06/24/2013,32.720298767089844
06/25/2013,32.71329879760742
06/26/2013,32.93989944458008
06/27/2013,32.79069900512695
06/30/2013,32.81050109863281
07/01/2013,32.965599060058594
07/02/2013,33.16189956665039
07/03/2013,33.14350128173828
07/04/2013,33.115299224853516
07/07/2013,33.29349899291992
07/08/2013,33.18050003051758
07/09/2013,32.979000091552734
07/10/2013,32.56399917602539
07/11/2013,32.55799865722656
07/14/2013,32.527198791503906
07/15/2013,32.55690002441406
07/16/2013,32.40340042114258
07/17/2013,32.27080154418945
07/18/2013,32.444000244140625
07/21/2013,32.34920120239258
07/22/2013,32.299598693847656
07/23/2013,32.202701568603516
07/24/2013,32.41740036010742
07/25/2013,32.59980010986328
07/28/2013,32.74480056762695
07/29/2013,32.82500076293945
07/30/2013,32.924198150634766
07/31/2013,32.92279815673828
08/01/2013,33.032798767089844
08/04/2013,32.81129837036133
08/05/2013,32.85639953613281
08/06/2013,32.95280075073242
08/07/2013,32.93259811401367
08/08/2013,32.81639862060547
08/11/2013,32.846500396728516
08/12/2013,32.99250030517578
08/13/2013,33.03960037231445
08/14/2013,33.02790069580078
08/15/2013,32.88999938964844
08/18/2013,32.8650016784668
08/19/2013,32.9547004699707
08/20/2013,32.91400146484375
08/21/2013,33.11940002441406
08/22/2013,33.03020095825195
08/25/2013,33.0099983215332
08/26/2013,33.05329895019531
08/27/2013,32.950599670410156
08/28/2013,33.145198822021484
08/29/2013,33.19820022583008
09/01/2013,33.26390075683594
09/02/2013,33.35599899291992
09/03/2013,33.498199462890625
09/04/2013,33.278099060058594
09/05/2013,33.413299560546875
09/08/2013,33.29650115966797
09/09/2013,33.13690185546875
09/10/2013,32.93069839477539
09/11/2013,32.73139953613281
09/12/2013,32.6255989074707
09/15/2013,32.345699310302734
09/16/2013,32.28409957885742
09/17/2013,32.18659973144531
09/18/2013,31.77199935913086
09/19/2013,31.640499114990234
09/22/2013,31.83799934387207
09/23/2013,31.78969955444336
09/24/2013,31.879100799560547
09/25/2013,32.07830047607422
09/26/2013,32.286598205566406
09/29/2013,32.342098236083984
09/30/2013,32.402801513671875
10/01/2013,32.23040008544922
10/02/2013,32.09700012207031
10/03/2013,32.14289855957031
10/06/2013,32.15079879760742
10/07/2013,
10/08/2013,32.36370086669922
10/09/2013,32.288299560546875
10/10/2013,32.18009948730469
10/13/2013,32.230899810791016
10/14/2013,32.23590087890625
10/15/2013,32.18040084838867
10/16/2013,32.08829879760742
10/17/2013,31.8439998626709
10/20/2013,31.817399978637695
10/21/2013,31.947900772094727
10/22/2013,31.660400390625
10/23/2013,31.72089958190918
10/24/2013,31.667200088500977
10/28/2013,31.76490020751953
10/29/2013,31.87820053100586
10/30/2013,32.07820129394531
10/31/2013,31.956100463867188
11/01/2013,32.04069900512695
11/04/2013,32.339900970458984
11/05/2013,32.34299850463867
11/06/2013,32.46739959716797
11/07/2013,32.359798431396484
11/08/2013,32.392799377441406
11/11/2013,32.6161003112793
11/12/2013,32.81570053100586
11/13/2013,32.872798919677734
11/14/2013,32.72990036010742
11/15/2013,32.7140998840332
11/18/2013,32.54970169067383
11/19/2013,32.53120040893555
11/20/2013,32.67720031738281
11/21/2013,32.87710189819336
11/22/2013,32.99020004272461
11/25/2013,32.72420120239258
11/26/2013,32.912200927734375
11/27/2013,32.91619873046875
11/28/2013,33.152000427246094
11/29/2013,33.11920166015625
12/02/2013,33.11249923706055
12/03/2013,33.20970153808594
12/04/2013,33.26470184326172
12/05/2013,33.152198791503906
12/06/2013,32.92679977416992
12/09/2013,32.69919967651367
12/10/2013,32.69900131225586
12/11/2013,32.674198150634766
12/12/2013,32.7421989440918
12/13/2013,32.78620147705078
12/16/2013,32.77619934082031
12/17/2013,32.83919906616211
12/18/2013,32.95920181274414
12/19/2013,32.804298400878906
12/20/2013,32.9452018737793
12/23/2013,32.964500427246094
12/24/2013,32.61980056762695
12/25/2013,32.52320098876953
12/26/2013,32.63819885253906
12/27/2013,32.64720153808594
12/30/2013,32.53820037841797
12/31/2013,32.71620178222656
01/01/2014,32.71620178222656
01/02/2014,32.75519943237305
01/03/2014,33.09870147705078
01/06/2014,33.162498474121094
01/07/2014,33.15620040893555
01/08/2014,33.1161994934082
01/09/2014,33.09619903564453
01/10/2014,33.16419982910156
01/13/2014,33.00320053100586
01/14/2014,33.248199462890625
01/15/2014,33.29719924926758
01/16/2014,33.40420150756836
01/17/2014,33.40019989013672
01/20/2014,33.55590057373047
01/21/2014,33.76219940185547
01/22/2014,33.963199615478516
01/23/2014,33.924198150634766
01/24/2014,34.07820129394531
01/27/2014,34.50920104980469
01/28/2014,34.61539840698242
01/29/2014,34.53120040893555
01/30/2014,35.063201904296875
01/31/2014,34.9031982421875
02/03/2014,35.12120056152344
02/04/2014,35.392398834228516
02/05/2014,34.97919845581055
02/06/2014,34.84579849243164
02/07/2014,34.66320037841797
02/10/2014,34.685298919677734
02/11/2014,34.732200622558594
02/12/2014,34.724700927734375
02/13/2014,34.80619812011719
02/14/2014,35.08489990234375
02/17/2014,35.094200134277344
02/18/2014,35.194801330566406
02/19/2014,35.4192008972168
02/20/2014,35.72819900512695
02/21/2014,35.71979904174805
02/24/2014,35.540199279785156
02/25/2014,35.49209976196289
02/26/2014,35.71120071411133
02/27/2014,36.0172004699707
02/28/2014,35.99720001220703
03/03/2014,36.60929870605469
03/04/2014,36.3827018737793
03/05/2014,36.03219985961914
03/06/2014,36.037200927734375
03/07/2014,35.93619918823242
03/10/2014,36.34469985961914
03/11/2014,36.37860107421875
03/12/2014,36.43920135498047
03/13/2014,36.44620132446289
03/14/2014,36.50120162963867
03/17/2014,36.6161994934082
03/18/2014,36.204200744628906
03/19/2014,36.24769973754883
03/20/2014,36.17020034790039
03/21/2014,36.300201416015625
03/24/2014,36.259700775146484
03/25/2014,36.10020065307617
03/26/2014,35.520198822021484
03/27/2014,35.4911994934082
03/28/2014,35.56719970703125
03/30/2014,35.63999938964844
03/31/2014,35.102699279785156
04/01/2014,35.00550079345703
04/02/2014,35.43519973754883
04/03/2014,35.55419921875
04/06/2014,35.14550018310547
04/07/2014,35.55339813232422
04/08/2014,35.73500061035156
04/09/2014,35.502201080322266
04/10/2014,35.56420135498047
04/13/2014,35.880001068115234
04/14/2014,35.92620086669922
04/15/2014,36.175201416015625
04/16/2014,35.99620056152344
04/17/2014,35.434200286865234
04/20/2014,35.53499984741211
04/21/2014,35.667198181152344
04/22/2014,35.691200256347656
04/23/2014,35.67620086669922
04/24/2014,35.72919845581055
04/27/2014,36.1150016784668
04/28/2014,35.831199645996094
04/29/2014,35.620399475097656
04/30/2014,35.601200103759766
05/01/2014,35.4031982421875
05/04/2014,35.8650016784668
05/05/2014,35.65589904785156
05/06/2014,35.421199798583984
05/07/2014,34.89720153808594
05/08/2014,35.02519989013672
05/11/2014,35.31370162963867
05/12/2014,35.00019836425781
05/13/2014,34.7942008972168
05/14/2014,34.638999938964844
05/15/2014,34.76020050048828
05/18/2014,34.83620071411133
05/19/2014,34.572200775146484
05/20/2014,34.50419998168945
05/21/2014,34.27069854736328
05/22/2014,34.32419967651367
05/25/2014,34.092498779296875
05/26/2014,34.1682014465332
05/27/2014,34.36819839477539
05/28/2014,34.559200286865234
05/29/2014,34.623199462890625
06/01/2014,34.90250015258789
06/02/2014,34.9452018737793
06/03/2014,35.08649826049805
06/04/2014,34.95119857788086
06/05/2014,34.68619918823242
06/08/2014,34.435001373291016
06/09/2014,34.296199798583984
06/10/2014,34.303199768066406
06/11/2014,34.34519958496094
06/12/2014,34.33649826049805
06/15/2014,34.439701080322266
06/16/2014,34.60419845581055
06/17/2014,34.812198638916016
06/18/2014,34.39149856567383
06/19/2014,34.356201171875
06/22/2014,34.4911994934082
06/23/2014,34.09519958496094
06/24/2014,33.76649856567383
06/25/2014,33.77119827270508
06/26/2014,33.63719940185547
06/29/2014,33.72869873046875
06/30/2014,33.857200622558594
07/01/2014,34.33219909667969
07/02/2014,34.27320098876953
07/03/2014,34.1692008972168
07/06/2014,34.450199127197266
07/07/2014,34.40620040893555
07/08/2014,34.1952018737793
07/09/2014,33.64720153808594
07/10/2014,33.937198638916016
07/13/2014,34.21120071411133
07/14/2014,34.313201904296875
07/15/2014,34.36320114135742
07/16/2014,34.61840057373047
07/17/2014,35.21179962158203
07/20/2014,35.206199645996094
07/21/2014,35.15190124511719
07/22/2014,34.92620086669922
07/23/2014,34.867698669433594
07/24/2014,35.03919982910156
07/27/2014,35.12919998168945
07/28/2014,35.527198791503906
07/29/2014,35.602699279785156
07/30/2014,35.55820083618164
07/31/2014,35.64120101928711
08/03/2014,35.70750045776367
08/04/2014,35.70920181274414
08/05/2014,36.015201568603516
08/06/2014,36.097198486328125
08/07/2014,36.300201416015625
08/10/2014,36.1349983215332
08/11/2014,35.88719940185547
08/12/2014,36.15019989013672
08/13/2014,36.00619888305664
08/14/2014,36.002201080322266
08/17/2014,36.05500030517578
08/18/2014,36.024200439453125
08/19/2014,36.15119934082031
08/20/2014,36.16619873046875
08/21/2014,35.976200103759766
08/24/2014,36.09370040893555
08/25/2014,36.049198150634766
08/26/2014,36.00920104980469
08/27/2014,36.12620162963867
08/28/2014,36.627201080322266
08/31/2014,36.476200103759766
09/01/2014,37.300201416015625
09/02/2014,37.434200286865234
09/03/2014,36.77109909057617
09/04/2014,36.862098693847656
09/07/2014,37.04999923706055
09/08/2014,36.930198669433594
09/09/2014,37.03219985961914
09/10/2014,37.2932014465332
09/11/2014,37.47019958496094
09/14/2014,37.77870178222656
09/15/2014,38.34320068359375
09/16/2014,38.30820083618164
09/17/2014,38.377201080322266
09/18/2014,38.35419845581055
09/21/2014,38.481998443603516
09/22/2014,38.639198303222656
09/23/2014,38.55419921875
09/24/2014,38.15420150756836
09/25/2014,38.46820068359375
09/28/2014,39.136199951171875
09/29/2014,39.356201171875
09/30/2014,39.594200134277344
10/01/2014,39.67020034790039
10/02/2014,39.49620056152344
10/05/2014,39.98820114135742
10/06/2014,39.70320129394531
10/07/2014,39.72420120239258
10/08/2014,39.95719909667969
10/09/2014,40.042198181152344
10/12/2014,40.367000579833984
10/13/2014,40.42919921875
10/14/2014,40.912200927734375
10/15/2014,40.483699798583984
10/16/2014,40.74720001220703
10/19/2014,40.89500045776367
10/20/2014,40.947200775146484
10/21/2014,40.86520004272461
10/22/2014,41.342201232910156
10/23/2014,41.65420150756836
10/27/2014,41.994998931884766
10/28/2014,42.23720169067383
10/29/2014,42.42919921875
10/30/2014,43.014198303222656
10/31/2014,41.165000915527344
11/03/2014,43.165000915527344
11/04/2014,43.3671989440918
11/05/2014,43.741600036621094
11/06/2014,44.84120178222656
11/07/2014,46.91019821166992
11/10/2014,46.446998596191406
11/11/2014,45.80220031738281
11/12/2014,46.10900115966797
11/13/2014,45.95000076293945
11/14/2014,46.54520034790039
11/17/2014,45.59000015258789
11/18/2014,47.00619888305664
11/19/2014,46.68000030517578
11/20/2014,46.83919906616211
11/21/2014,46.085201263427734
11/24/2014,45.470001220703125
11/25/2014,44.80720138549805
11/26/2014,44.85070037841797
11/27/2014,45.68000030517578
11/28/2014,48.90299987792969
12/01/2014,50.6974983215332
12/02/2014,50.83000183105469
12/03/2014,54.10499954223633
12/04/2014,52.85499954223633
12/05/2014,53.38100051879883
12/08/2014,52.66999816894531
12/09/2014,53.78969955444336
12/10/2014,53.66569900512695
12/11/2014,54.18069839477539
12/12/2014,56.81119918823242
12/15/2014,58.03499984741211
12/16/2014,61.7599983215332
12/17/2014,71.65750122070312
12/18/2014,59.834999084472656
12/19/2014,64.4800033569336
12/22/2014,57.48500061035156
12/23/2014,55.23619842529297
12/24/2014,53.86280059814453
12/25/2014,53.662498474121094
12/26/2014,52.775001525878906
12/29/2014,55.47999954223633
12/30/2014,57.72999954223633
12/31/2014,56.54499816894531
01/01/2015,58.32500076293945
01/02/2015,59.47999954223633
01/05/2015,58.622501373291016
01/06/2015,60.35499954223633
01/07/2015,63.18000030517578
01/08/2015,62.28049850463867
01/09/2015,61.9900016784668
01/12/2015,61.685001373291016
01/13/2015,63.1349983215332
01/14/2015,63.33300018310547
01/15/2015,63.36579895019531
01/16/2015,64.88500213623047
01/19/2015,65.26499938964844
01/20/2015,64.77999877929688
01/21/2015,65.18000030517578
01/22/2015,65.43820190429688
01/23/2015,63.78499984741211
01/26/2015,64.48500061035156
01/27/2015,67.61000061035156
01/28/2015,66.73500061035156
01/29/2015,67.98500061035156
01/30/2015,68.78500366210938
02/02/2015,69.51000213623047
02/03/2015,68.37999725341797
02/04/2015,64.7957992553711
02/05/2015,67.83499908447266
02/06/2015,66.40750122070312
02/09/2015,65.55999755859375
02/10/2015,65.40499877929688
02/11/2015,65.33499908447266
02/12/2015,65.53500366210938
02/13/2015,65.12999725341797
02/16/2015,62.73500061035156
02/17/2015,63.69499969482422
02/18/2015,63.369998931884766
02/19/2015,61.26499938964844
02/20/2015,61.959999084472656
02/23/2015,61.86000061035156
02/24/2015,63.959999084472656
02/25/2015,62.98500061035156
02/26/2015,61.1349983215332
02/27/2015,61.1349983215332
03/02/2015,61.5099983215332
03/03/2015,62.36000061035156
03/04/2015,60.98500061035156
03/05/2015,61.65999984741211
03/06/2015,60.310001373291016
03/09/2015,60.59000015258789
03/10/2015,60.17499923706055
03/11/2015,62.23500061035156
03/12/2015,61.48500061035156
03/13/2015,61.15999984741211
03/16/2015,62.349998474121094
03/17/2015,61.98500061035156
03/18/2015,61.15999984741211
03/19/2015,59.45500183105469
03/20/2015,60.08369827270508
03/23/2015,59.4900016784668
03/24/2015,58.89250183105469
03/25/2015,57.744998931884766
03/26/2015,56.310001373291016
03/27/2015,57.375
03/29/2015,55.696800231933594
03/30/2015,57.625701904296875
03/31/2015,57.85350036621094
04/01/2015,56.959999084472656
04/02/2015,56.21500015258789
04/05/2015,57.064998626708984
04/06/2015,55.209999084472656
04/07/2015,54.959999084472656
04/08/2015,53.29499816894531
04/09/2015,52.2599983215332
04/12/2015,53.709999084472656
04/13/2015,52.4817008972168
04/14/2015,50.92620086669922
04/15/2015,49.685001373291016
04/16/2015,49.915000915527344
04/19/2015,51.73500061035156
04/20/2015,53.59400177001953
04/21/2015,53.48500061035156
04/22/2015,51.935001373291016
04/23/2015,50.78499984741211
04/26/2015,50.3849983215332
04/27/2015,51.32500076293945
04/28/2015,51.19499969482422
04/29/2015,50.65999984741211
04/30/2015,51.459999084472656
05/03/2015,51.599998474121094
05/04/2015,51.904998779296875
05/05/2015,50.470001220703125
05/06/2015,50.834999084472656
05/07/2015,50.53499984741211
05/10/2015,50.98500061035156
05/11/2015,50.7599983215332
05/12/2015,49.98500061035156
05/13/2015,49.753700256347656
05/14/2015,49.959999084472656
05/17/2015,49.43000030517578
05/18/2015,49.084999084472656
05/19/2015,49.54999923706055
05/20/2015,49.513999938964844
05/21/2015,49.983001708984375
05/24/2015,49.62120056152344
05/25/2015,50.03499984741211
05/26/2015,49.95199966430664
05/27/2015,50.51300048828125
05/28/2015,52.685001373291016
05/31/2015,52.224998474121094
06/01/2015,53.11000061035156
06/02/2015,52.744998931884766
06/03/2015,54.869998931884766
06/04/2015,53.948001861572266
06/07/2015,55.98500061035156
06/08/2015,56.0
06/09/2015,55.0099983215332
06/10/2015,54.0099983215332
06/11/2015,54.21200180053711
06/14/2015,55.189998626708984
06/15/2015,54.50619888305664
06/16/2015,53.685001373291016
06/17/2015,53.722999572753906
06/18/2015,53.459999084472656
06/21/2015,53.71200180053711
06/22/2015,53.696998596191406
06/23/2015,53.93000030517578
06/24/2015,54.16999816894531
06/25/2015,54.270999908447266
06/28/2015,55.24869918823242
06/29/2015,55.709999084472656
06/30/2015,55.581199645996094
07/01/2015,55.86000061035156
07/02/2015,55.36000061035156
07/05/2015,56.08649826049805
07/06/2015,56.935001373291016
07/07/2015,56.709999084472656
07/08/2015,57.3849983215332
07/09/2015,57.21500015258789
07/12/2015,56.375
07/13/2015,56.5099983215332
07/14/2015,56.48500061035156
07/15/2015,56.9109992980957
07/16/2015,56.91999816894531
07/19/2015,57.1349983215332
07/20/2015,57.0099983215332
07/21/2015,56.96049880981445
07/22/2015,57.415000915527344
07/23/2015,57.849998474121094
07/26/2015,58.560001373291016
07/27/2015,59.73500061035156
07/28/2015,60.185001373291016
07/29/2015,58.65999984741211
07/30/2015,59.5984992980957
08/02/2015,61.51250076293945
08/03/2015,63.61000061035156
08/04/2015,62.810001373291016
08/05/2015,63.121498107910156
08/06/2015,64.04750061035156
08/09/2015,63.935001373291016
08/10/2015,63.10499954223633
08/11/2015,64.41000366210938
08/12/2015,64.43250274658203
08/13/2015,64.63500213623047
08/16/2015,64.80999755859375
08/17/2015,65.23500061035156
08/18/2015,65.33799743652344
08/19/2015,66.6500015258789
08/20/2015,68.05500030517578
08/23/2015,70.09120178222656
08/24/2015,70.83499908447266
08/25/2015,69.4260025024414
08/26/2015,68.43499755859375
08/27/2015,65.30500030517578
08/30/2015,65.11000061035156
08/31/2015,62.64870071411133
09/01/2015,66.53500366210938
09/02/2015,66.78500366210938
09/03/2015,66.7300033569336
09/06/2015,68.33499908447266
09/07/2015,69.20500183105469
09/08/2015,67.70999908447266
09/09/2015,68.7300033569336
09/10/2015,67.2300033569336
09/13/2015,66.98500061035156
09/14/2015,67.48500061035156
09/15/2015,66.63999938964844
09/16/2015,65.34500122070312
09/17/2015,65.43499755859375
09/20/2015,66.32499694824219
09/21/2015,66.05000305175781
09/22/2015,66.0885009765625
09/23/2015,66.3499984741211
09/24/2015,66.125
09/27/2015,65.42500305175781
09/28/2015,66.0999984741211
09/29/2015,65.80000305175781
09/30/2015,65.20999908447266
10/01/2015,65.55120086669922
10/04/2015,66.1050033569336
10/05/2015,64.7249984741211
10/06/2015,63.290000915527344
10/07/2015,62.775001525878906
10/08/2015,61.32500076293945
10/11/2015,61.400001525878906
10/12/2015,62.0
10/13/2015,62.79999923706055
10/14/2015,62.244998931884766
10/15/2015,60.939998626708984
10/18/2015,61.29999923706055
10/19/2015,61.492000579833984
10/20/2015,62.064998626708984
10/21/2015,63.150001525878906
10/22/2015,62.474998474121094
10/26/2015,62.01499938964844
10/27/2015,62.29199981689453
10/28/2015,64.97599792480469
10/29/2015,63.42499923706055
10/30/2015,64.30000305175781
11/02/2015,64.11499786376953
11/03/2015,63.595001220703125
11/04/2015,62.275001525878906
11/05/2015,63.25
11/06/2015,63.34000015258789
11/09/2015,64.20999908447266
11/10/2015,64.55999755859375
11/11/2015,64.37000274658203
11/12/2015,65.19999694824219
11/13/2015,66.40019989013672
11/16/2015,67.0
11/17/2015,65.375
11/18/2015,64.97250366210938
11/19/2015,64.3499984741211
11/20/2015,64.59500122070312
11/23/2015,64.56900024414062
11/24/2015,66.32499694824219
11/25/2015,65.51499938964844
11/26/2015,65.48870086669922
11/27/2015,65.7249984741211
11/30/2015,66.63200378417969
12/01/2015,66.25499725341797
12/02/2015,66.56900024414062
12/03/2015,67.53500366210938
12/04/2015,67.65599822998047
12/07/2015,68.55999755859375
12/08/2015,66.17150115966797
12/09/2015,69.23500061035156
12/10/2015,66.17150115966797
12/11/2015,69.18099975585938
12/14/2015,66.17150115966797
12/15/2015,70.36699676513672
12/16/2015,70.13999938964844
12/17/2015,70.56800079345703
12/18/2015,71.05999755859375
12/21/2015,71.30999755859375
12/22/2015,71.08599853515625
12/23/2015,71.05799865722656
12/24/2015,69.60099792480469
12/25/2015,69.60099792480469
12/28/2015,70.44400024414062
12/29/2015,72.26300048828125
12/30/2015,72.72200012207031
12/31/2015,73.81500244140625
01/01/2016,73.81500244140625
01/04/2016,72.94499969482422
01/05/2016,73.13500213623047
01/06/2016,74.02749633789062
01/07/2016,75.489501953125
01/08/2016,75.489501953125
01/11/2016,75.97599792480469
01/12/2016,76.9010009765625
01/13/2016,76.63300323486328
01/14/2016,76.74199676513672
01/15/2016,76.55799865722656
01/18/2016,78.31099700927734
01/19/2016,78.76000213623047
01/20/2016,79.35900115966797
01/21/2016,82.06300354003906
01/22/2016,80.61199951171875
01/25/2016,76.7040023803711
01/26/2016,81.53700256347656
01/27/2016,78.46099853515625
01/28/2016,77.70700073242188
01/29/2016,75.36699676513672
02/01/2016,75.79199981689453
02/02/2016,78.01100158691406
02/03/2016,79.55699920654297
02/04/2016,75.89299774169922
02/05/2016,77.0009994506836
02/08/2016,76.6510009765625
02/09/2016,78.88400268554688
02/10/2016,79.38800048828125
02/11/2016,78.94599914550781
02/12/2016,79.36100006103516
02/15/2016,77.55999755859375
02/16/2016,76.22260284423828
02/17/2016,78.0780029296875
02/18/2016,75.15799713134766
02/19/2016,76.3280029296875
02/22/2016,77.0
02/23/2016,77.0
02/24/2016,76.49299621582031
02/25/2016,76.14199829101562
02/26/2016,75.3499984741211
02/29/2016,75.61399841308594
03/01/2016,74.23799896240234
03/02/2016,73.13300323486328
03/03/2016,73.4260025024414
03/04/2016,72.7300033569336
03/07/2016,72.7300033569336
03/08/2016,72.7300033569336
03/09/2016,72.12300109863281
03/10/2016,71.17500305175781
03/11/2016,70.72200012207031
03/14/2016,70.04199981689453
03/15/2016,69.94999694824219
03/16/2016,70.8499984741211
03/17/2016,68.94100189208984
03/18/2016,67.93699645996094
03/21/2016,68.81099700927734
03/22/2016,67.9000015258789
03/23/2016,67.71099853515625
03/24/2016,68.90399932861328
03/25/2016,68.49600219726562
03/27/2016,67.802001953125
03/28/2016,68.8550033569336
03/29/2016,67.81700134277344
03/30/2016,67.87899780273438
03/31/2016,66.84500122070312
04/03/2016,68.22200012207031
04/04/2016,68.9729995727539
04/05/2016,68.59500122070312
04/06/2016,67.48500061035156
04/07/2016,67.83000183105469
04/10/2016,66.9000015258789
04/11/2016,66.44999694824219
04/12/2016,65.96749877929688
04/13/2016,66.20999908447266
04/14/2016,66.1624984741211
04/17/2016,68.24400329589844
04/18/2016,65.56999969482422
04/19/2016,66.3489990234375
04/20/2016,64.6989974975586
04/21/2016,66.177001953125
04/24/2016,66.3550033569336
04/25/2016,66.64900207519531
04/26/2016,65.18399810791016
04/27/2016,65.19599914550781
04/28/2016,64.37200164794922
05/01/2016,64.37200164794922
05/02/2016,64.37200164794922
05/03/2016,66.5459976196289
05/04/2016,66.05799865722656
05/05/2016,66.13099670410156
05/08/2016,65.86000061035156
05/09/2016,66.55999755859375
05/10/2016,66.28099822998047
05/11/2016,64.9219970703125
05/12/2016,65.07499694824219
05/15/2016,64.7509994506836
05/16/2016,64.50499725341797
05/17/2016,64.93900299072266
05/18/2016,66.10399627685547
05/19/2016,66.47599792480469
05/22/2016,66.80000305175781
05/23/2016,67.06749725341797
05/24/2016,65.89900207519531
05/25/2016,64.98500061035156
05/26/2016,65.76499938964844
05/29/2016,66.10299682617188
05/30/2016,65.73200225830078
05/31/2016,66.72100067138672
06/01/2016,66.91220092773438
06/02/2016,66.73899841308594
06/05/2016,65.63999938964844
06/06/2016,65.31700134277344
06/07/2016,64.53199768066406
06/08/2016,63.54899978637695
06/09/2016,64.71900177001953
06/12/2016,65.05000305175781
06/13/2016,65.76519775390625
06/14/2016,65.94499969482422
06/15/2016,65.77300262451172
06/16/2016,65.46900177001953
06/19/2016,64.40599822998047
06/20/2016,64.24199676513672
06/21/2016,63.51100158691406
06/22/2016,64.68099975585938
06/23/2016,65.72599792480469
06/26/2016,65.0999984741211
06/27/2016,64.87200164794922
06/28/2016,64.04900360107422
06/29/2016,63.981998443603516
06/30/2016,64.00399780273438
07/03/2016,63.71799850463867
07/04/2016,64.25900268554688
07/05/2016,64.68900299072266
07/06/2016,64.1780014038086
07/07/2016,64.45600128173828
07/10/2016,64.0999984741211
07/11/2016,63.82500076293945
07/12/2016,63.994998931884766
07/13/2016,63.71200180053711
07/14/2016,63.025001525878906
07/17/2016,63.36399841308594
07/18/2016,62.944000244140625
07/19/2016,63.59600067138672
07/20/2016,63.65999984741211
07/21/2016,64.16999816894531
07/24/2016,64.85900115966797
07/25/2016,65.48899841308594
07/26/2016,66.0719985961914
07/27/2016,66.05799865722656
07/28/2016,66.58999633789062
07/31/2016,65.75299835205078
08/01/2016,66.79399871826172
08/02/2016,66.80999755859375
08/03/2016,66.38800048828125
08/04/2016,65.7020034790039
08/07/2016,65.35299682617188
08/08/2016,64.81400299072266
08/09/2016,64.88400268554688
08/10/2016,64.99500274658203
08/11/2016,64.21199798583984
08/14/2016,64.36139678955078
08/15/2016,64.01020050048828
08/16/2016,63.83489990234375
08/17/2016,63.83879852294922
08/18/2016,63.64179992675781
08/21/2016,63.75
08/22/2016,64.77149963378906
08/23/2016,64.48059844970703
08/24/2016,65.08319854736328
08/25/2016,64.81269836425781
08/28/2016,64.72440338134766
08/29/2016,64.61859893798828
08/30/2016,65.30979919433594
08/31/2016,65.28070068359375
09/01/2016,65.85399627685547
09/04/2016,65.1980972290039
09/05/2016,64.72309875488281
09/06/2016,64.42680358886719
09/07/2016,64.185302734375
09/08/2016,63.98939895629883
09/11/2016,64.55059814453125
09/12/2016,64.71929931640625
09/13/2016,65.35250091552734
09/14/2016,65.14459991455078
09/15/2016,64.48290252685547
09/18/2016,65.04149627685547
09/19/2016,64.59130096435547
09/20/2016,64.72160339355469
09/21/2016,64.0
09/22/2016,63.63650131225586
09/25/2016,64.02580261230469
09/26/2016,63.856300354003906
09/27/2016,63.88740158081055
09/28/2016,63.065399169921875
09/29/2016,63.055198669433594
10/02/2016,62.87189865112305
10/03/2016,62.287899017333984
10/04/2016,62.6875
10/05/2016,62.274200439453125
10/06/2016,62.10100173950195
10/09/2016,62.084800720214844
10/10/2016,62.02130126953125
10/11/2016,62.66210174560547
10/12/2016,63.50299835205078
10/13/2016,63.009700775146484
10/16/2016,62.77669906616211
10/17/2016,63.06610107421875
10/18/2016,62.7318000793457
10/19/2016,62.26210021972656
10/20/2016,62.375301361083984
10/23/2016,62.28499984741211
10/24/2016,62.18579864501953
10/25/2016,62.41189956665039
10/26/2016,62.77040100097656
10/27/2016,62.678199768066406
10/31/2016,63.04180145263672
11/01/2016,63.2681999206543
11/02/2016,63.30009841918945
11/03/2016,63.536598205566406
11/04/2016,63.5614013671875
11/07/2016,64.36009979248047
11/08/2016,63.597900390625
11/09/2016,63.742401123046875
11/10/2016,63.62910079956055
11/11/2016,65.55760192871094
11/14/2016,65.72969818115234
11/15/2016,66.14700317382812
11/16/2016,64.45539855957031
11/17/2016,64.47489929199219
11/18/2016,64.83309936523438
11/21/2016,64.94750213623047
11/22/2016,63.95220184326172
11/23/2016,63.70930099487305
11/24/2016,64.29779815673828
11/25/2016,64.49970245361328
11/28/2016,64.8812026977539
11/29/2016,64.78289794921875
11/30/2016,65.13500213623047
12/01/2016,64.07129669189453
12/02/2016,63.900001525878906
12/05/2016,63.815101623535156
12/06/2016,63.78139877319336
12/07/2016,63.81230163574219
12/08/2016,63.26599884033203
12/09/2016,63.26179885864258
12/12/2016,62.48030090332031
12/13/2016,60.96500015258789
12/14/2016,60.52750015258789
12/15/2016,61.86000061035156
12/16/2016,61.75
12/19/2016,62.1161994934082
12/20/2016,61.900001525878906
12/21/2016,61.39870071411133
12/22/2016,61.13999938964844
12/23/2016,60.900001525878906
12/26/2016,61.022499084472656
12/27/2016,60.931400299072266
12/28/2016,60.60499954223633
12/29/2016,60.47629928588867
12/30/2016,60.143798828125
01/02/2017,61.231300354003906
01/03/2017,61.22829818725586
01/04/2017,60.92300033569336
01/05/2017,60.36389923095703
01/06/2017,59.40119934082031
01/09/2017,59.564998626708984
01/10/2017,60.102500915527344
01/11/2017,60.13999938964844
01/12/2017,59.778099060058594
01/13/2017,59.432498931884766
01/16/2017,59.637001037597656
01/17/2017,59.78200149536133
01/18/2017,59.33000183105469
01/19/2017,59.52320098876953
01/20/2017,59.65999984741211
01/23/2017,59.78850173950195
01/24/2017,59.510101318359375
01/25/2017,59.139801025390625
01/26/2017,59.56679916381836
01/27/2017,60.27920150756836
01/30/2017,59.77750015258789
01/31/2017,59.718299865722656
02/01/2017,60.14680099487305
02/02/2017,60.10100173950195
02/03/2017,59.375999450683594
02/06/2017,58.91320037841797
02/07/2017,58.89899826049805
02/08/2017,59.37590026855469
02/09/2017,59.11289978027344
02/10/2017,58.917999267578125
02/13/2017,58.2223014831543
02/14/2017,57.92570114135742
02/15/2017,57.040000915527344
02/16/2017,57.32339859008789
02/17/2017,57.429500579833984
02/20/2017,58.31700134277344
02/21/2017,57.93920135498047
02/22/2017,57.39569854736328
02/23/2017,57.96760177612305
02/24/2017,57.74599838256836
02/27/2017,58.36399841308594
02/28/2017,58.18709945678711
03/01/2017,58.350799560546875
03/02/2017,58.236000061035156
03/03/2017,58.7224006652832
03/06/2017,58.1870002746582
03/07/2017,58.2333984375
03/08/2017,58.13719940185547
03/09/2017,58.86349868774414
03/10/2017,59.256900787353516
03/13/2017,59.068199157714844
03/14/2017,58.76530075073242
03/15/2017,59.185001373291016
03/16/2017,58.38100051879883
03/17/2017,57.770198822021484
03/20/2017,57.39440155029297
03/21/2017,57.315101623535156
03/22/2017,57.6156005859375
03/23/2017,57.72629928588867
03/24/2017,57.35449981689453
03/26/2017,56.96879959106445
03/27/2017,56.857200622558594
03/28/2017,56.96929931640625
03/29/2017,56.625
03/30/2017,56.06169891357422
04/02/2017,56.228599548339844
04/03/2017,56.084800720214844
04/04/2017,56.0281982421875
04/05/2017,56.41429901123047
04/06/2017,56.344600677490234
04/09/2017,57.375999450683594
04/10/2017,57.10449981689453
04/11/2017,57.028099060058594
04/12/2017,56.63100051879883
04/13/2017,56.2588996887207
04/16/2017,56.255401611328125
04/17/2017,55.868099212646484
04/18/2017,56.19900131225586
04/19/2017,56.58300018310547
04/20/2017,56.10940170288086
04/23/2017,56.42649841308594
04/24/2017,55.77989959716797
04/25/2017,56.060001373291016
04/26/2017,57.09700012207031
04/27/2017,56.97200012207031
04/30/2017,56.91239929199219
05/01/2017,56.97380065917969
05/02/2017,57.0546989440918
05/03/2017,57.32709884643555
05/04/2017,58.36000061035156
05/07/2017,58.02790069580078
05/08/2017,58.20500183105469
05/09/2017,58.41899871826172
05/10/2017,57.42689895629883
05/11/2017,57.057899475097656
05/14/2017,57.0906982421875
05/15/2017,56.33489990234375
05/16/2017,56.426998138427734
05/17/2017,57.08420181274414
05/18/2017,57.52579879760742
05/21/2017,56.926998138427734
05/22/2017,56.60029983520508
05/23/2017,56.3036994934082
05/24/2017,56.34590148925781
05/25/2017,56.820499420166016
05/28/2017,56.48149871826172
05/29/2017,56.462398529052734
05/30/2017,56.54029846191406
05/31/2017,56.71039962768555
06/01/2017,56.378501892089844
06/04/2017,56.60609817504883
06/05/2017,56.58190155029297
06/06/2017,56.477298736572266
06/07/2017,57.04999923706055
06/08/2017,56.87329864501953
06/11/2017,56.99610137939453
06/12/2017,57.003501892089844
06/13/2017,56.87770080566406
06/14/2017,57.42599868774414
06/15/2017,57.79999923706055
06/18/2017,57.70940017700195
06/19/2017,58.42110061645508
06/20/2017,59.559898376464844
06/21/2017,60.2400016784668
06/22/2017,59.84349822998047
06/25/2017,59.423500061035156
06/26/2017,58.89419937133789
06/27/2017,59.36349868774414
06/28/2017,59.21659851074219
06/29/2017,59.41999816894531
07/02/2017,58.88059997558594
07/03/2017,59.234901428222656
07/04/2017,59.35850143432617
07/05/2017,60.17850112915039
07/06/2017,60.099998474121094
07/09/2017,60.35150146484375
07/10/2017,
07/11/2017,60.7599983215332
07/12/2017,59.900001525878906
07/13/2017,59.7484016418457
07/16/2017,59.06159973144531
07/17/2017,59.290000915527344
07/18/2017,59.08000183105469
07/19/2017,58.94710159301758
07/20/2017,58.88999938964844
07/23/2017,59.227500915527344
07/24/2017,59.97010040283203
07/25/2017,59.95249938964844
07/26/2017,59.54090118408203
07/27/2017,59.48630142211914
07/30/2017,59.47919845581055
07/31/2017,59.72999954223633
08/01/2017,60.274898529052734
08/02/2017,60.4900016784668
08/03/2017,60.295501708984375
08/06/2017,59.93550109863281
08/07/2017,59.955299377441406
08/08/2017,59.78919982910156
08/09/2017,60.07059860229492
08/10/2017,59.98929977416992
08/13/2017,59.791099548339844
08/14/2017,59.811100006103516
08/15/2017,59.750999450683594
08/16/2017,59.41120147705078
08/17/2017,59.03969955444336
08/20/2017,58.89500045776367
08/21/2017,59.072601318359375
08/22/2017,58.97700119018555
08/23/2017,58.972599029541016
08/24/2017,59.13460159301758
08/27/2017,58.56700134277344
08/28/2017,58.43000030517578
08/29/2017,58.765201568603516
08/30/2017,58.456600189208984
08/31/2017,57.97669982910156
09/03/2017,57.46549987792969
09/04/2017,57.73809814453125
09/05/2017,57.55160140991211
09/06/2017,57.33359909057617
09/07/2017,56.90589904785156
09/10/2017,57.31639862060547
09/11/2017,57.201698303222656
09/12/2017,57.61840057373047
09/13/2017,57.9093017578125
09/14/2017,57.56639862060547
09/17/2017,57.67250061035156
09/18/2017,58.073299407958984
09/19/2017,58.081600189208984
09/20/2017,58.11759948730469
09/21/2017,57.871700286865234
09/24/2017,57.57360076904297
09/25/2017,57.55419921875
09/26/2017,57.870201110839844
09/27/2017,58.167701721191406
09/28/2017,57.889801025390625
10/01/2017,57.32529830932617
10/02/2017,57.87649917602539
10/03/2017,57.89509963989258
10/04/2017,57.6510009765625
10/05/2017,57.70349884033203
10/08/2017,58.1151008605957
10/09/2017,58.23270034790039
10/10/2017,57.93989944458008
10/11/2017,57.8036994934082
10/12/2017,57.476200103759766
10/15/2017,57.23099899291992
10/16/2017,57.1869010925293
10/17/2017,57.287601470947266
10/18/2017,57.37540054321289
10/19/2017,57.24580001831055
10/22/2017,57.51750183105469
10/23/2017,57.489898681640625
10/24/2017,57.61539840698242
10/25/2017,57.71879959106445
10/26/2017,57.840999603271484
10/30/2017,58.18259811401367
10/31/2017,57.89619827270508
11/01/2017,58.22949981689453
11/02/2017,58.209598541259766
11/03/2017,58.28030014038086
11/06/2017,58.974700927734375
11/07/2017,58.255001068115234
11/08/2017,59.3385009765625
11/09/2017,59.1859016418457
11/10/2017,59.0620002746582
11/13/2017,59.22489929199219
11/14/2017,59.36240005493164
11/15/2017,60.3109016418457
11/16/2017,
11/17/2017,59.66469955444336
11/20/2017,59.099098205566406
11/21/2017,59.21329879760742
11/22/2017,59.10810089111328
11/23/2017,58.384498596191406
11/24/2017,58.420501708984375
11/27/2017,58.375
11/28/2017,58.43560028076172
11/29/2017,58.37889862060547
11/30/2017,58.60150146484375
12/01/2017,58.445899963378906
12/04/2017,58.86589813232422
12/05/2017,58.76649856567383
12/06/2017,58.76350021362305
12/07/2017,59.05699920654297
12/08/2017,59.19369888305664
12/11/2017,59.08380126953125
12/12/2017,58.91299819946289
12/13/2017,59.19020080566406
12/14/2017,58.52389907836914
12/15/2017,58.80649948120117
12/18/2017,58.52899932861328
12/19/2017,58.63209915161133
12/20/2017,58.74369812011719
12/21/2017,58.700199127197266
12/22/2017,58.412498474121094
12/25/2017,58.29869842529297
12/26/2017,58.03310012817383
12/27/2017,57.638999938964844
12/28/2017,57.731201171875
12/29/2017,57.56919860839844
01/01/2018,57.62699890136719
01/02/2018,57.58290100097656
01/03/2018,57.52799987792969
01/04/2018,57.129600524902344
01/05/2018,56.9723014831543
01/08/2018,56.96699905395508
01/09/2018,57.09109878540039
01/10/2018,56.86280059814453
01/11/2018,57.019100189208984
01/12/2018,56.50199890136719
01/15/2018,56.54869842529297
01/16/2018,56.30619812011719
01/17/2018,56.50680160522461
01/18/2018,56.859798431396484
01/19/2018,56.49380111694336
01/22/2018,56.596099853515625
01/23/2018,56.46689987182617
01/24/2018,56.34159851074219
01/25/2018,56.0890998840332
01/26/2018,55.88059997558594
01/29/2018,56.21620178222656
01/30/2018,56.279598236083984
01/31/2018,56.31779861450195
02/01/2018,56.17319869995117
02/02/2018,55.942901611328125
02/05/2018,56.41379928588867
02/06/2018,57.28379821777344
02/07/2018,56.84709930419922
02/08/2018,57.80929946899414
02/09/2018,58.30580139160156
02/12/2018,58.3120002746582
02/13/2018,57.7510986328125
02/14/2018,57.62049865722656
02/15/2018,56.69419860839844
02/16/2018,56.38750076293945
02/19/2018,56.44499969482422
02/20/2018,56.37820053100586
02/21/2018,56.520999908447266
02/22/2018,56.713401794433594
02/23/2018,56.457000732421875
02/26/2018,56.12229919433594
02/27/2018,55.62730026245117
02/28/2018,56.219200134277344
03/01/2018,56.320499420166016
03/02/2018,56.77629852294922
03/05/2018,56.88349914550781
03/06/2018,56.41279983520508
03/07/2018,56.83100128173828
03/08/2018,56.8224983215332
03/09/2018,57.06269836425781
03/12/2018,56.65530014038086
03/13/2018,56.865299224853516
03/14/2018,57.02980041503906
03/15/2018,57.06480026245117
03/16/2018,57.41270065307617
03/19/2018,57.45880126953125
03/20/2018,57.733299255371094
03/21/2018,57.57939910888672
03/22/2018,56.842899322509766
03/23/2018,57.304100036621094
03/25/2018,57.109901428222656
03/26/2018,57.224998474121094
03/27/2018,57.38019943237305
03/28/2018,57.718299865722656
03/29/2018,57.237098693847656
04/01/2018,57.321998596191406
04/02/2018,57.436798095703125
04/03/2018,57.624000549316406
04/04/2018,57.66899871826172
04/05/2018,57.63370132446289
04/08/2018,58.068599700927734
04/09/2018,60.61600112915039
04/10/2018,62.927799224853516
04/11/2018,62.405799865722656
04/12/2018,62.00019836425781
04/15/2018,61.988800048828125
04/16/2018,61.22309875488281
04/17/2018,61.50130081176758
04/18/2018,60.8291015625
04/19/2018,60.909000396728516
04/22/2018,61.35210037231445
04/23/2018,61.799800872802734
04/24/2018,61.51210021972656
04/25/2018,62.38209915161133
04/26/2018,62.69459915161133
04/29/2018,62.30699920654297
04/30/2018,62.93579864501953
05/01/2018,63.39799880981445
05/02/2018,63.75149917602539
05/03/2018,62.95859909057617
05/06/2018,62.42509841918945
05/07/2018,62.87919998168945
05/08/2018,63.46149826049805
05/09/2018,63.026100158691406
05/10/2018,61.68000030517578
05/13/2018,61.76750183105469
05/14/2018,61.82320022583008
05/15/2018,62.235599517822266
05/16/2018,61.64970016479492
05/17/2018,62.13240051269531
05/20/2018,62.33599853515625
05/21/2018,61.585899353027344
05/22/2018,61.20220184326172
05/23/2018,61.285499572753906
05/24/2018,61.53229904174805
05/27/2018,62.15370178222656
05/28/2018,62.290000915527344
05/29/2018,62.860198974609375
05/30/2018,62.09600067138672
05/31/2018,62.27330017089844
06/03/2018,62.150299072265625
06/04/2018,62.02090072631836
06/05/2018,62.076698303222656
06/06/2018,61.70289993286133
06/07/2018,62.346500396728516
06/10/2018,62.36830139160156
06/11/2018,62.75790023803711
06/12/2018,63.05009841918945
06/13/2018,62.54090118408203
06/14/2018,62.55619812011719
06/17/2018,62.980098724365234
06/18/2018,63.3661994934082
06/19/2018,63.77690124511719
06/20/2018,63.555198669433594
06/21/2018,63.804298400878906
06/24/2018,62.96200180053711
06/25/2018,62.75910186767578
06/26/2018,63.07600021362305
06/27/2018,63.10580062866211
06/28/2018,62.83420181274414
07/01/2018,62.94490051269531
07/02/2018,63.43040084838867
07/03/2018,63.11650085449219
07/04/2018,63.329200744628906
07/05/2018,63.15230178833008
07/08/2018,62.903099060058594
07/09/2018,62.23270034790039
07/10/2018,61.73789978027344
07/11/2018,62.325199127197266
07/12/2018,62.24700164794922
07/15/2018,62.48500061035156
07/16/2018,62.293399810791016
07/17/2018,62.61399841308594
07/18/2018,62.97719955444336
07/19/2018,63.60139846801758
07/22/2018,63.36399841308594
07/23/2018,62.98939895629883
07/24/2018,63.32400131225586
07/25/2018,62.78889846801758
07/26/2018,62.88249969482422
07/29/2018,62.69710159301758
07/30/2018,62.18450164794922
07/31/2018,62.21739959716797
08/01/2018,62.97169876098633
08/02/2018,63.3026008605957
08/05/2018,63.30379867553711
08/06/2018,63.698299407958984
08/07/2018,63.48590087890625
08/08/2018,65.55989837646484
08/09/2018,66.56320190429688
08/12/2018,67.81529998779297
08/13/2018,67.5740966796875
08/14/2018,66.84400177001953
08/15/2018,67.27880096435547
08/16/2018,66.83480072021484
08/19/2018,67.0458984375
08/20/2018,66.96170043945312
08/21/2018,67.27230072021484
08/22/2018,68.02269744873047
08/23/2018,68.15180206298828
08/26/2018,67.12699890136719
08/27/2018,67.43579864501953
08/28/2018,67.7822036743164
08/29/2018,67.90979766845703
08/30/2018,68.16549682617188
09/02/2018,67.55860137939453
09/03/2018,67.90180206298828
09/04/2018,68.13680267333984
09/05/2018,68.21070098876953
09/06/2018,69.16850280761719
09/09/2018,69.70279693603516
09/10/2018,70.54609680175781
09/11/2018,69.375
09/12/2018,68.90769958496094
09/13/2018,68.28690338134766
09/16/2018,68.00579833984375
09/17/2018,68.1250991821289
09/18/2018,67.33380126953125
09/19/2018,66.78990173339844
09/20/2018,66.33380126953125
09/23/2018,66.55670166015625
09/24/2018,65.82270050048828
09/25/2018,65.7760009765625
09/26/2018,65.83219909667969
09/27/2018,65.52909851074219
09/30/2018,65.58439636230469
10/01/2018,64.95220184326172
10/02/2018,65.37439727783203
10/03/2018,65.91000366210938
10/04/2018,66.83409881591797
10/07/2018,66.57080078125
10/08/2018,66.63420104980469
10/09/2018,66.20490264892578
10/10/2018,66.9000015258789
10/11/2018,66.23300170898438
10/14/2018,65.95770263671875
10/15/2018,65.527099609375
10/16/2018,65.29920196533203
10/17/2018,65.5198974609375
10/18/2018,65.77770233154297
10/21/2018,65.52300262451172
10/22/2018,65.16400146484375
10/23/2018,65.47709655761719
10/24/2018,65.53240203857422
10/25/2018,65.46610260009766
10/29/2018,65.78820037841797
10/30/2018,65.7593994140625
10/31/2018,65.47200012207031
11/01/2018,65.722900390625
11/02/2018,65.65409851074219
11/05/2018,66.05349731445312
11/06/2018,66.02989959716797
11/07/2018,65.99739837646484
11/08/2018,66.16850280761719
11/09/2018,66.86820220947266
11/12/2018,67.8302001953125
11/13/2018,67.79450225830078
11/14/2018,67.9397964477539
11/15/2018,67.06120300292969
11/16/2018,65.86150360107422
11/19/2018,65.98570251464844
11/20/2018,65.55650329589844
11/21/2018,66.05889892578125
11/22/2018,65.66629791259766
11/23/2018,65.57749938964844
11/26/2018,66.50499725341797
11/27/2018,67.0905990600586
11/28/2018,67.05480194091797
11/29/2018,66.9175033569336
11/30/2018,66.0979995727539
12/03/2018,66.69770050048828
12/04/2018,66.53089904785156
12/05/2018,66.81420135498047
12/06/2018,66.46769714355469
12/07/2018,66.8124008178711
12/10/2018,66.43170166015625
12/11/2018,66.63919830322266
12/12/2018,66.36319732666016
12/13/2018,66.37740325927734
12/14/2018,66.29389953613281
12/17/2018,66.64070129394531
12/18/2018,66.62349700927734
12/19/2018,67.4269027709961
12/20/2018,67.41089630126953
12/21/2018,68.25969696044922
12/24/2018,68.75640106201172
12/25/2018,68.61150360107422
12/26/2018,68.72049713134766
12/27/2018,68.64820098876953
12/28/2018,69.55719757080078
12/31/2018,69.62580108642578
01/01/2019,69.17400360107422
01/02/2019,69.06449890136719
01/03/2019,69.00859832763672
01/04/2019,68.86139678955078
01/07/2019,67.1500015258789
01/08/2019,66.7477035522461
01/09/2019,66.872802734375
01/10/2019,66.66110229492188
01/11/2019,66.8655014038086
01/14/2019,66.84369659423828
01/15/2019,66.98519897460938
01/16/2019,67.00650024414062
01/17/2019,66.31629943847656
01/18/2019,66.34100341796875
01/21/2019,66.2029037475586
01/22/2019,66.36289978027344
01/23/2019,66.4760971069336
01/24/2019,66.06320190429688
01/25/2019,65.72329711914062
01/28/2019,65.76249694824219
01/29/2019,66.20980072021484
01/30/2019,65.98580169677734
01/31/2019,65.41439819335938
02/01/2019,65.38480377197266
02/04/2019,65.43440246582031
02/05/2019,65.54129791259766
02/06/2019,65.60700225830078
02/07/2019,65.77899932861328
02/08/2019,65.893798828125
02/11/2019,65.41429901123047
02/12/2019,65.76679992675781
02/13/2019,65.84290313720703
02/14/2019,66.50240325927734
02/15/2019,66.6238021850586
02/18/2019,66.22480010986328
02/19/2019,66.20950317382812
02/20/2019,65.7615966796875
02/21/2019,65.63760375976562
02/22/2019,65.61969757080078
02/25/2019,65.39739990234375
02/26/2019,65.54139709472656
02/27/2019,65.64790344238281
02/28/2019,65.72579956054688
03/01/2019,65.8021011352539
03/04/2019,65.82610321044922
03/05/2019,65.68930053710938
03/06/2019,65.79039764404297
03/07/2019,65.92410278320312
03/08/2019,66.24240112304688
03/11/2019,66.37770080566406
03/12/2019,65.82099914550781
03/13/2019,65.581298828125
03/14/2019,65.31770324707031
03/15/2019,65.4375
03/18/2019,64.7957992553711
03/19/2019,64.3198013305664
03/20/2019,64.33049774169922
03/21/2019,63.80120086669922
03/22/2019,63.7963981628418
03/25/2019,64.50240325927734
03/26/2019,63.988399505615234
03/27/2019,64.31690216064453
03/28/2019,64.80599975585938
03/29/2019,64.86820220947266
03/31/2019,65.58190155029297
04/01/2019,65.26180267333984
04/02/2019,65.32379913330078
04/03/2019,65.18820190429688
04/04/2019,65.40889739990234
04/07/2019,65.36329650878906
04/08/2019,64.93270111083984
04/09/2019,64.85479736328125
04/10/2019,64.23899841308594
04/11/2019,64.57099914550781
04/14/2019,64.3042984008789
04/15/2019,64.31079864501953
04/16/2019,64.0260009765625
04/17/2019,63.867698669433594
04/18/2019,63.89630126953125
04/21/2019,63.99810028076172
04/22/2019,63.784698486328125
04/23/2019,63.669700622558594
04/24/2019,64.38719940185547
04/25/2019,64.61039733886719
04/28/2019,64.63800048828125
04/29/2019,64.4343032836914
04/30/2019,64.55470275878906
05/01/2019,64.72339630126953
05/02/2019,65.36479949951172
05/05/2019,65.32720184326172
05/06/2019,65.2791976928711
05/07/2019,65.36900329589844
05/08/2019,65.02040100097656
05/09/2019,65.20189666748047
05/12/2019,65.135498046875
05/13/2019,65.3145980834961
05/14/2019,64.81300354003906
05/15/2019,64.6448974609375
05/16/2019,64.62670135498047
05/19/2019,64.70130157470703
05/20/2019,64.4634017944336
05/21/2019,
05/22/2019,64.33989715576172
05/23/2019,64.8280029296875
05/26/2019,64.43599700927734
05/27/2019,64.34390258789062
05/28/2019,64.62889862060547
05/29/2019,64.9208984375
05/30/2019,65.23429870605469
06/02/2019,65.56600189208984
06/03/2019,65.3240966796875
06/04/2019,65.11669921875
06/05/2019,65.28710174560547
06/06/2019,65.04519653320312
06/09/2019,64.82779693603516
06/10/2019,64.71080017089844
06/11/2019,64.49349975585938
06/12/2019,64.78089904785156
06/13/2019,64.51799774169922
06/16/2019,64.3302993774414
06/17/2019,64.29750061035156
06/18/2019,63.96229934692383
06/19/2019,63.73310089111328
06/20/2019,62.86539840698242
06/23/2019,63.06119918823242
06/24/2019,62.52980041503906
06/25/2019,62.86180114746094
06/26/2019,62.99660110473633
06/27/2019,63.05580139160156
06/30/2019,62.95589828491211
07/01/2019,62.895999908447266
07/02/2019,63.27119827270508
07/03/2019,63.2765007019043
07/04/2019,63.44409942626953
07/07/2019,63.72209930419922
07/08/2019,63.66120147705078
07/09/2019,63.8130989074707
07/10/2019,63.11600112915039
07/11/2019,62.794498443603516
07/14/2019,63.11050033569336
07/15/2019,62.641700744628906
07/16/2019,62.96419906616211
07/17/2019,62.898399353027344
07/18/2019,62.86009979248047
07/21/2019,62.9724006652832
07/22/2019,62.990699768066406
07/23/2019,63.16510009765625
07/24/2019,63.245201110839844
07/25/2019,63.12810134887695
07/28/2019,63.1525993347168
07/29/2019,63.41550064086914
07/30/2019,63.49079895019531
07/31/2019,63.52159881591797
08/01/2019,64.30509948730469
08/04/2019,65.2240982055664
08/05/2019,65.70709991455078
08/06/2019,65.24359893798828
08/07/2019,65.34919738769531
08/08/2019,65.0792007446289
08/11/2019,65.30599975585938
08/12/2019,65.41059875488281
08/13/2019,64.87680053710938
08/14/2019,66.04519653320312
08/15/2019,66.05359649658203
08/18/2019,66.35639953613281
08/19/2019,66.9352035522461
08/20/2019,66.42900085449219
08/21/2019,65.75050354003906
08/22/2019,65.52890014648438
08/25/2019,66.2531967163086
08/26/2019,66.09220123291016
08/27/2019,66.41470336914062
08/28/2019,66.74510192871094
08/29/2019,66.4906005859375
09/01/2019,66.74330139160156
09/02/2019,66.74440002441406
09/03/2019,66.74759674072266
09/04/2019,66.19930267333984
09/05/2019,66.17169952392578
09/08/2019,65.7572021484375
09/09/2019,65.51390075683594
09/10/2019,65.3499984741211
09/11/2019,65.41580200195312
09/12/2019,64.73780059814453
09/15/2019,63.899898529052734
09/16/2019,63.9650993347168
09/17/2019,64.27269744873047
09/18/2019,64.21369934082031
09/19/2019,63.97370147705078
09/22/2019,63.952301025390625
09/23/2019,63.75419998168945
09/24/2019,63.982601165771484
09/25/2019,64.15650177001953
09/26/2019,64.22219848632812
09/29/2019,64.62030029296875
09/30/2019,64.81199645996094
10/01/2019,65.22969818115234
10/02/2019,65.21820068359375
10/03/2019,65.07479858398438
10/06/2019,64.66439819335938
10/07/2019,64.94719696044922
10/08/2019,65.15540313720703
10/09/2019,65.03119659423828
10/10/2019,64.39299774169922
10/13/2019,64.2061996459961
10/14/2019,64.2522964477539
10/15/2019,64.27529907226562
10/16/2019,64.08660125732422
10/17/2019,64.0259017944336
10/20/2019,63.890201568603516
10/21/2019,63.7322998046875
10/22/2019,63.64540100097656
10/23/2019,63.90420150756836
10/24/2019,64.00070190429688
10/28/2019,63.8213996887207
10/29/2019,63.70650100708008
10/30/2019,63.943599700927734
10/31/2019,63.74720001220703
11/01/2019,64.08999633789062
11/04/2019,63.40190124511719
11/05/2019,63.435001373291016
11/06/2019,63.429901123046875
11/07/2019,63.80440139770508
11/08/2019,63.81800079345703
11/11/2019,63.7849006652832
11/12/2019,63.84379959106445
11/13/2019,64.23249816894531
11/14/2019,64.28379821777344
11/15/2019,63.89289855957031
11/18/2019,63.72249984741211
11/19/2019,63.855899810791016
11/20/2019,63.83760070800781
11/21/2019,63.787498474121094
11/22/2019,63.66999816894531
11/25/2019,63.780799865722656
11/26/2019,63.898101806640625
11/27/2019,63.937801361083984
11/28/2019,63.95920181274414
11/29/2019,64.05660247802734
12/02/2019,64.29080200195312
12/03/2019,64.18289947509766
12/04/2019,64.06749725341797
12/05/2019,63.862300872802734
12/06/2019,63.67610168457031
12/09/2019,63.65700149536133
12/10/2019,63.51380157470703
12/11/2019,63.48619842529297
12/12/2019,63.3046989440918
12/13/2019,62.67490005493164
12/16/2019,62.80550003051758
12/17/2019,62.439998626708984
12/18/2019,62.41740036010742
12/19/2019,62.61280059814453
12/20/2019,62.3218994140625
12/23/2019,62.44670104980469
12/24/2019,62.268699645996094
12/25/2019,61.904998779296875
12/26/2019,61.81169891357422
12/27/2019,62.17599868774414
12/30/2019,62.02560043334961
12/31/2019,61.97249984741211
01/01/2020,62.02830123901367
01/02/2020,61.83000183105469
01/03/2020,61.69419860839844
01/06/2020,62.01380157470703
01/07/2020,61.77510070800781
01/08/2020,61.93090057373047
01/09/2020,61.261199951171875
01/10/2020,61.2661018371582
01/13/2020,61.108001708984375
01/14/2020,61.1880989074707
01/15/2020,61.403099060058594
01/16/2020,61.34429931640625
01/17/2020,61.57749938964844
01/20/2020,61.543701171875
01/21/2020,61.56850051879883
01/22/2020,61.86050033569336
01/23/2020,61.87229919433594
01/24/2020,61.892799377441406
01/27/2020,62.20819854736328
01/28/2020,62.89390182495117
01/29/2020,62.22010040283203
01/30/2020,62.510398864746094
01/31/2020,63.228599548339844
02/03/2020,63.922698974609375
02/04/2020,63.65950012207031
02/05/2020,62.93239974975586
02/06/2020,62.84170150756836
02/07/2020,63.27000045776367
02/10/2020,64.05339813232422
02/11/2020,64.07849884033203
02/12/2020,63.33919906616211
02/13/2020,63.21260070800781
02/14/2020,63.62540054321289
02/17/2020,63.47060012817383
02/18/2020,63.46549987792969
02/19/2020,63.8651008605957
02/20/2020,63.512901306152344
02/21/2020,64.1261978149414
02/24/2020,64.04190063476562
02/25/2020,65.32369995117188
02/26/2020,65.27839660644531
02/27/2020,65.44960021972656
02/28/2020,66.26909637451172
03/02/2020,66.8760986328125
03/03/2020,66.25530242919922
03/04/2020,66.181396484375
03/05/2020,66.19210052490234
03/06/2020,67.54979705810547
03/09/2020,71.99639892578125
03/10/2020,74.63099670410156
03/11/2020,71.05020141601562
03/12/2020,73.11509704589844
03/13/2020,74.87969970703125
03/16/2020,73.20469665527344
03/17/2020,74.3563003540039
03/18/2020,75.14790344238281
03/19/2020,80.92130279541016
03/20/2020,78.9655990600586
03/23/2020,79.71939849853516
03/24/2020,79.42680358886719
03/25/2020,78.26319885253906
03/26/2020,78.32869720458984
03/27/2020,77.44029998779297
03/29/2020,78.73750305175781
03/30/2020,79.58889770507812
03/31/2020,78.41419982910156
04/01/2020,78.66619873046875
04/02/2020,77.09950256347656
04/05/2020,77.0895004272461
04/06/2020,75.96269989013672
04/07/2020,75.53510284423828
04/08/2020,75.04940032958984
04/09/2020,74.26370239257812
04/12/2020,73.65019989013672
04/13/2020,73.60289764404297
04/14/2020,73.0167007446289
04/15/2020,74.81849670410156
04/16/2020,74.19740295410156
04/19/2020,74.06549835205078
04/20/2020,75.41519927978516
04/21/2020,76.91000366210938
04/22/2020,75.93009948730469
04/23/2020,74.91500091552734
04/26/2020,74.59329986572266
04/27/2020,74.46499633789062
04/28/2020,74.14739990234375
04/29/2020,73.08529663085938
04/30/2020,74.34020233154297
05/03/2020,75.43049621582031
05/04/2020,74.72489929199219
05/05/2020,73.72360229492188
05/06/2020,74.46499633789062
05/07/2020,73.88880157470703
05/10/2020,73.39769744873047
05/11/2020,73.61499786376953
05/12/2020,73.60269927978516
05/13/2020,73.9468002319336
05/14/2020,73.50959777832031
05/17/2020,73.59700012207031
05/18/2020,72.7020034790039
05/19/2020,72.53479766845703
05/20/2020,71.185302734375
05/21/2020,70.9126968383789
05/24/2020,71.57440185546875
05/25/2020,71.6187973022461
05/26/2020,70.78610229492188
05/27/2020,71.02230072021484
05/28/2020,70.52230072021484
05/31/2020,70.19270324707031
06/01/2020,69.06719970703125
06/02/2020,68.6488037109375
06/03/2020,68.49749755859375
06/04/2020,69.05650329589844
06/07/2020,68.14189910888672
06/08/2020,68.08830261230469
06/09/2020,68.55079650878906
06/10/2020,68.44349670410156
06/11/2020,70.06620025634766
06/14/2020,69.56529998779297
06/15/2020,69.57420349121094
06/16/2020,69.5739974975586
06/17/2020,69.72799682617188
06/18/2020,69.86260223388672
06/21/2020,69.64209747314453
06/22/2020,69.07279968261719
06/23/2020,68.72769927978516
06/24/2020,69.47879791259766
06/25/2020,69.0552978515625
06/28/2020,69.73300170898438
06/29/2020,69.9729995727539
06/30/2020,71.1531982421875
07/01/2020,70.75669860839844
07/02/2020,70.58830261230469
07/05/2020,71.33499908447266
07/06/2020,71.80680084228516
07/07/2020,71.41000366210938
07/08/2020,71.20050048828125
07/09/2020,70.74610137939453
07/12/2020,70.69750213623047
07/13/2020,70.77159881591797
07/14/2020,70.96269989013672
07/15/2020,71.01249694824219
07/16/2020,71.53759765625
07/19/2020,71.81449890136719
07/20/2020,71.36699676513672
07/21/2020,70.69249725341797
07/22/2020,71.1448974609375
07/23/2020,71.31230163574219
07/26/2020,71.76139831542969
07/27/2020,71.56580352783203
07/28/2020,72.46600341796875
07/29/2020,72.46710205078125
07/30/2020,73.37979888916016
08/02/2020,74.16459655761719
08/03/2020,73.064697265625
08/04/2020,73.38999938964844
08/05/2020,72.82140350341797
08/06/2020,73.1769027709961
08/09/2020,73.71499633789062
08/10/2020,73.50640106201172
08/11/2020,73.03820037841797
08/12/2020,73.78459930419922
08/13/2020,72.88899993896484
08/16/2020,72.95719909667969
08/17/2020,73.7113037109375
08/18/2020,73.05030059814453
08/19/2020,73.24909973144531
08/20/2020,73.87000274658203
08/23/2020,74.68379974365234
08/24/2020,74.56520080566406
08/25/2020,75.2948989868164
08/26/2020,75.5873031616211
08/27/2020,74.98079681396484
08/30/2020,74.08000183105469
08/31/2020,73.80699920654297
09/01/2020,73.48750305175781
09/02/2020,75.46269989013672
09/03/2020,75.29540252685547
09/06/2020,75.31729888916016
09/07/2020,75.69750213623047
09/08/2020,76.25740051269531
09/09/2020,75.32579803466797
09/10/2020,75.16329956054688
09/13/2020,74.86499786376953
09/14/2020,75.2426986694336
09/15/2020,75.1592025756836
09/16/2020,74.87960052490234
09/17/2020,74.82559967041016
09/20/2020,75.46199798583984
09/21/2020,75.93900299072266
09/22/2020,76.0188980102539
09/23/2020,76.79399871826172
09/24/2020,77.02660369873047
09/27/2020,78.10379791259766
09/28/2020,79.18350219726562
09/29/2020,78.9646987915039
09/30/2020,77.66560363769531
10/01/2020,77.21440124511719
10/04/2020,78.13999938964844
10/05/2020,78.04550170898438
10/06/2020,78.39510345458984
10/07/2020,78.0824966430664
10/08/2020,77.26309967041016
10/11/2020,76.8375015258789
10/12/2020,77.0000991821289
10/13/2020,77.01249694824219
10/14/2020,77.77439880371094
10/15/2020,77.95249938964844
10/18/2020,77.51699829101562
10/19/2020,77.58820343017578
10/20/2020,77.28399658203125
10/21/2020,76.66600036621094
10/22/2020,76.52850341796875
10/26/2020,76.27420043945312
10/27/2020,76.43579864501953
10/28/2020,77.25900268554688
10/29/2020,79.07640075683594
10/30/2020,78.84649658203125
11/02/2020,79.4657974243164
11/03/2020,80.5468978881836
11/04/2020,79.04969787597656
11/05/2020,77.581298828125
11/06/2020,76.88700103759766
11/09/2020,77.4656982421875
11/10/2020,76.28630065917969
11/11/2020,76.46269989013672
11/12/2020,77.04750061035156
11/13/2020,77.07450103759766
11/16/2020,77.44000244140625
11/17/2020,76.27629852294922
11/18/2020,76.14129638671875
11/19/2020,75.91449737548828
11/20/2020,76.16519927978516
11/23/2020,76.23259735107422
11/24/2020,75.94129943847656
11/25/2020,75.39859771728516
11/26/2020,75.56159973144531
11/27/2020,75.66190338134766
11/30/2020,75.9834976196289
12/01/2020,76.37139892578125
12/02/2020,75.92949676513672
12/03/2020,75.11090087890625
12/04/2020,74.48889923095703
12/07/2020,74.09639739990234
12/08/2020,73.7385025024414
12/09/2020,73.3479995727539
12/10/2020,73.61080169677734
12/11/2020,73.07740020751953
12/14/2020,73.09249877929688
12/15/2020,74.12129974365234
12/16/2020,73.2771987915039
12/17/2020,73.3311996459961
12/18/2020,73.08439636230469
12/21/2020,73.39350128173828
12/22/2020,74.55130004882812
12/23/2020,75.90799713134766
12/24/2020,75.03630065917969
12/25/2020,74.03500366210938
12/28/2020,74.12750244140625
12/29/2020,73.93049621582031
12/30/2020,74.02140045166016
12/31/2020,74.18160247802734
01/01/2021,73.91120147705078
01/04/2021,74.34259796142578
01/05/2021,74.46499633789062
01/06/2021,74.21399688720703
01/07/2021,74.0999984741211
01/08/2021,74.59770202636719
01/11/2021,74.35890197753906
01/12/2021,74.62809753417969
01/13/2021,73.44129943847656
01/14/2021,73.84880065917969
01/15/2021,73.30580139160156
01/18/2021,73.62750244140625
01/19/2021,73.9303970336914
01/20/2021,73.77110290527344
01/21/2021,73.45349884033203
01/22/2021,73.95140075683594
01/25/2021,75.37439727783203
01/26/2021,75.28569793701172
01/27/2021,75.06929779052734
01/28/2021,75.84629821777344
01/29/2021,76.16169738769531
02/01/2021,75.8479995727539
02/02/2021,76.154296875
02/03/2021,76.23200225830078
02/04/2021,75.88490295410156
02/05/2021,75.4906997680664
02/08/2021,74.6780014038086
02/09/2021,74.32610321044922
02/10/2021,73.87660217285156
02/11/2021,73.86969757080078
02/12/2021,73.63929748535156
02/15/2021,73.54989624023438
02/16/2021,73.26499938964844
02/17/2021,73.52210235595703
02/18/2021,73.74600219726562
02/19/2021,73.82949829101562
02/22/2021,74.06749725341797
02/23/2021,74.22969818115234
02/24/2021,74.05699920654297
02/25/2021,73.49259948730469
02/26/2021,74.68879699707031
03/01/2021,74.45149993896484
03/02/2021,74.23390197753906
03/03/2021,73.78970336914062
03/04/2021,73.99220275878906
03/05/2021,74.54129791259766
03/08/2021,74.15750122070312
03/09/2021,74.47679901123047
03/10/2021,74.0386962890625
03/11/2021,73.52359771728516
03/12/2021,73.29810333251953
03/15/2021,73.3667984008789
03/16/2021,72.73529815673828
03/17/2021,72.86689758300781
03/18/2021,73.65489959716797
03/19/2021,74.3324966430664
03/22/2021,74.36650085449219
03/23/2021,74.7958984375
03/24/2021,76.36100006103516
03/25/2021,76.63009643554688
03/26/2021,76.13749694824219
03/28/2021,75.66349792480469
03/29/2021,75.65750122070312
03/30/2021,75.96099853515625
03/31/2021,75.6884994506836
04/01/2021,76.24980163574219
04/04/2021,76.40840148925781
04/05/2021,76.44499969482422
04/06/2021,77.10559844970703
04/07/2021,77.17420196533203
04/08/2021,76.79290008544922
04/11/2021,77.3864974975586
04/12/2021,77.27950286865234
04/13/2021,75.94100189208984
04/14/2021,76.01329803466797
04/15/2021,76.06749725341797
04/18/2021,75.95490264892578
04/19/2021,76.27050018310547
04/20/2021,77.0979995727539
04/21/2021,76.59390258789062
04/22/2021,75.50550079345703
04/25/2021,74.89029693603516
04/26/2021,75.00250244140625
04/27/2021,74.77780151367188
04/28/2021,74.3572006225586
04/29/2021,74.71060180664062
05/02/2021,75.1968994140625
05/03/2021,74.8583984375
05/04/2021,74.72989654541016
05/05/2021,74.81990051269531
05/06/2021,74.1875991821289
05/09/2021,73.65619659423828
05/10/2021,74.24579620361328
05/11/2021,74.16600036621094
05/12/2021,74.63880157470703
05/13/2021,73.99749755859375
05/16/2021,73.95770263671875
05/17/2021,73.78790283203125
05/18/2021,73.68440246582031
05/19/2021,73.73799896240234
05/20/2021,73.4718017578125
05/23/2021,73.61710357666016
05/24/2021,73.44599914550781
05/25/2021,73.46980285644531
05/26/2021,73.52670288085938
05/27/2021,73.45539855957031
05/30/2021,73.21369934082031
05/31/2021,73.39730072021484
06/01/2021,73.51290130615234
06/02/2021,73.15450286865234
06/03/2021,73.2145004272461
06/06/2021,72.9823989868164
06/07/2021,72.7969970703125
06/08/2021,72.24310302734375
06/09/2021,72.30650329589844
06/10/2021,71.739501953125
06/13/2021,72.06510162353516
06/14/2021,72.01719665527344
06/15/2021,72.21199798583984
06/16/2021,72.53620147705078
06/17/2021,72.42050170898438
06/20/2021,72.75250244140625
06/21/2021,73.1072998046875
06/22/2021,72.86609649658203
06/23/2021,72.62950134277344
06/24/2021,72.29900360107422
06/27/2021,72.19249725341797
06/28/2021,72.1948013305664
06/29/2021,72.72450256347656
06/30/2021,73.05460357666016
07/01/2021,73.50499725341797
07/04/2021,73.20240020751953
07/05/2021,73.41439819335938
07/06/2021,74.46700286865234
07/07/2021,74.70059967041016
07/08/2021,74.7135009765625
07/11/2021,74.21900177001953
07/12/2021,74.4011001586914
07/13/2021,74.33100128173828
07/14/2021,74.12770080566406
07/15/2021,74.3634033203125
07/18/2021,74.06300354003906
07/19/2021,74.65989685058594
07/20/2021,74.36579895019531
07/21/2021,73.92449951171875
07/22/2021,73.65879821777344
07/25/2021,73.67990112304688
07/26/2021,73.6801986694336
07/27/2021,73.66400146484375
07/28/2021,73.4406967163086
07/29/2021,73.1604995727539
08/01/2021,73.10260009765625
08/02/2021,72.9552001953125
08/03/2021,72.93800354003906
08/04/2021,73.17849731445312
08/05/2021,73.13169860839844
08/08/2021,73.50330352783203
08/09/2021,73.61990356445312
08/10/2021,73.91799926757812
08/11/2021,73.39469909667969
08/12/2021,73.52149963378906
08/15/2021,73.20680236816406
08/16/2021,73.27729797363281
08/17/2021,73.54080200195312
08/18/2021,73.84649658203125
08/19/2021,74.29149627685547
08/22/2021,74.18699645996094
08/23/2021,74.07510375976562
08/24/2021,73.7603988647461
08/25/2021,73.78450012207031
08/26/2021,74.28160095214844
08/29/2021,73.38760375976562
08/30/2021,73.43900299072266
08/31/2021,73.2874984741211
09/01/2021,72.98500061035156
09/02/2021,72.94450378417969
09/05/2021,72.77269744873047
09/06/2021,72.95980072021484
09/07/2021,73.37159729003906
09/08/2021,73.28820037841797
09/09/2021,72.8364028930664
09/12/2021,73.10050201416016
09/13/2021,72.64309692382812
09/14/2021,72.87969970703125
09/15/2021,72.25499725341797
09/16/2021,72.4708023071289
09/19/2021,72.86139678955078
09/20/2021,73.4365005493164
09/21/2021,73.03500366210938
09/22/2021,72.92469787597656
09/23/2021,72.64900207519531
09/26/2021,72.6709976196289
09/27/2021,72.57240295410156
09/28/2021,72.8395004272461
09/29/2021,72.84490203857422
09/30/2021,72.71510314941406
10/03/2021,72.74500274658203
10/04/2021,72.47480010986328
10/05/2021,72.26740264892578
10/06/2021,72.3949966430664
10/07/2021,71.80130004882812
10/10/2021,71.75330352783203
10/11/2021,71.87789916992188
10/12/2021,71.8468017578125
10/13/2021,71.98249816894531
10/14/2021,71.36699676513672
10/17/2021,71.0165023803711
10/18/2021,71.07009887695312
10/19/2021,70.84149932861328
10/20/2021,70.80149841308594
10/21/2021,71.01490020751953
10/24/2021,70.35250091552734
10/25/2021,69.8281021118164
10/26/2021,69.4384994506836
10/27/2021,70.60810089111328
10/28/2021,70.14849853515625
11/01/2021,70.86650085449219
11/02/2021,71.58509826660156
11/03/2021,71.60459899902344
11/04/2021,71.75
11/05/2021,71.42250061035156
11/08/2021,71.12799835205078
11/09/2021,71.22350311279297
11/10/2021,70.72250366210938
11/11/2021,71.22149658203125
11/12/2021,71.56199645996094
11/15/2021,72.67949676513672
11/16/2021,72.48370361328125
11/17/2021,73.06649780273438
11/18/2021,72.5531005859375
11/19/2021,73.06909942626953
11/22/2021,73.43550109863281
11/23/2021,74.97869873046875
11/24/2021,74.27030181884766
11/25/2021,74.93289947509766
11/26/2021,74.5510025024414
11/29/2021,75.1343994140625
11/30/2021,74.4625015258789
12/01/2021,74.09249877929688
12/02/2021,74.24600219726562
12/03/2021,73.62300109863281
12/06/2021,73.8895034790039
12/07/2021,74.34829711914062
12/08/2021,73.98999786376953
12/09/2021,73.55619812011719
12/10/2021,73.65540313720703
12/13/2021,73.30799865722656
12/14/2021,73.4801025390625
12/15/2021,73.79389953613281
12/16/2021,73.60330200195312
12/17/2021,73.90059661865234
12/20/2021,74.33000183105469
12/21/2021,74.072998046875
12/22/2021,73.86959838867188
12/23/2021,73.62449645996094
12/24/2021,73.31999969482422
12/27/2021,73.34459686279297
12/28/2021,73.347900390625
12/29/2021,73.6675033569336
12/30/2021,73.9749984741211
12/31/2021,74.53140258789062
01/03/2022,75.18560028076172
01/04/2022,74.372802734375
01/05/2022,75.26300048828125
01/06/2022,76.6615982055664
01/07/2022,76.33439636230469
01/10/2022,75.29029846191406
01/11/2022,74.8740005493164
01/12/2022,74.4905014038086
01/13/2022,74.5645980834961
01/14/2022,76.30729675292969
01/17/2022,76.30650329589844
01/18/2022,76.06199645996094
01/19/2022,76.80850219726562
01/20/2022,76.31929779052734
01/21/2022,76.74739837646484
01/24/2022,77.3770980834961
01/25/2022,78.61250305175781
01/26/2022,78.73570251464844
01/27/2022,79.22019958496094
01/28/2022,78.07250213623047
01/31/2022,77.87799835205078
02/01/2022,77.30390167236328
02/02/2022,76.69159698486328
02/03/2022,76.15450286865234
02/04/2022,76.41280364990234
02/07/2022,75.86380004882812
02/08/2022,75.41400146484375
02/09/2022,75.08439636230469
02/10/2022,74.71209716796875
02/11/2022,75.0282974243164
02/14/2022,77.35299682617188
02/15/2022,76.48799896240234
02/16/2022,75.47350311279297
02/17/2022,75.03450012207031
02/18/2022,76.12860107421875
02/21/2022,78.02899932861328
02/22/2022,80.38899993896484
02/23/2022,78.83149719238281
02/24/2022,81.41439819335938
02/25/2022,84.91500091552734
02/28/2022,83.86579895019531
03/01/2022,104.97350311279297
03/02/2022,108.47949981689453
03/03/2022,102.71499633789062
03/04/2022,109.48989868164062
